Name(ENG),Name(KOR),Code,Type,Rarity,Recipe,Drop,Stat,Image Name
Pickaxe,곡괭이,PIC,Axe,Common,,"PN 7,BC 7,CM 7,FR 8",AP +15,Pickaxe.png
Hatchet,손도끼,HCH,Axe,Common,,"PN 4,BC 5,FT 4",AP +25,Hatchet.png
Chain Scythe,사슬 낫,CSC,Axe,Uncommon,PIC+STC,,"AP +50,AR +0.2,",Chain Scythe.png
Battle Axe,전투 도끼,BAX,Axe,Uncommon,HCH+BAM,,"AP +47,",Battle Axe.png
Light Hatchet,경량화 도끼,LHA,Axe,Rare,BAX+FEA,,"AP +61,SP +0.1,",Light Hatchet.png
Reaper's Scythe,사신의 낫,RSC,Axe,Rare,CSC+SRO,,"AP +80,AR +0.5,",Reaper_s Scythe.png
Gigantic Axe,대부,GAX,Axe,Rare,BAX+STE,,"AP +110,SP -0.1,",Gigantic Axe.png
Beam Axe,빔 엑스,BEX,Axe,Epic,GAX+LAS,,"AP +137,VR +4,SP -0.1,",Beam Axe.png
Santa Muerte,산타 무에르테,SMU,Axe,Epic,RSC+RBY,,"AP +100,LS +15%,MH +450,AR +0.5,",Santa Muerte.png
Scythe,스퀴테,SCY,Axe,Epic,RSC+GLD,,"AP +130,SA +18%,AR +1,",Scythe.png
Parashu,파라슈,PAR,Axe,Epic,LHA+BSA,,"AP +115,CR +15%,SP +0.2,",Parashu.png
Harpe,하르페,HAR,Axe,Epic,RSC+WFA,,"AP +125,AR +0.5,SP +0.1,SA +55,HS -40%,",Harpe.png
Scissors,가위,SCI,Dagger,Common,,"AL 7,HS 6,SC 6",AP +5,Scissors.png
Fountain Pen,만년필,FPE,Dagger,Common,,"UT 6,AV 7,SC 7",AP +5,Fountain Pen.png
Kitchen Knife,식칼,KKN,Dagger,Common,,"DK 4,HT 4,TP 5","AP +4,SP +0.05",Kitchen Knife.png
Army Knife,군용 나이프,AKN,Dagger,Uncommon,KKN+BRA,,"AP +11,SP +0.08,",Army Knife.png
Rose Knife,장미칼,RKN,Dagger,Rare,AKN+FLO,,"AP +16,SP +0.1,CR +10%,",Rose Knife.png
Carnwennan,카른웬난,CWN,Dagger,Epic,RKN+SRE,,"AP +17,HR +1.5,SP +0.1,EN +29,CR +10%,",Carnwennan.png
Mount Slicer,파산검,MSL,Dagger,Epic,RKN+ASH,,"AP +30,SP +0.1,CR +10%,SA +35",Mount Slicer.png
Vibroblade,초진동나이프,VIB,Dagger,Epic,AKN+MOT,,"AP +42,AS +30%,SP +0.1,",Vibroblade.png
Fragarach,프라가라흐,FRA,Dagger,Legendary,AKN+FCO,,"AP +75,SP +0.2,",Fragarach.png
Rusty Sword,녹슨 검,RSW,Two Handed Sword,Common,,"DK 4,TP 4,CP 4",AP +11,Rusty Sword.png
Shamshir,샴쉬르,SHA,Two Handed Sword,Uncommon,RSW+LIG,,"AP +27,",Shamshir.png
Katana,일본도,KAT,Two Handed Sword,Rare,RSW+ISH,,"AP +35,",Katana.png
Masamune,마사무네,MAS,Two Handed Sword,Rare,KAT+OIL,,"AP +40,AS +15%",Masamune.png
Muramasa,무라마사,MUR,Two Handed Sword,Rare,KAT+GEM,,"AP +50,",Muramasa.png
Bastard Sword,바스타드 소드,BSW,Two Handed Sword,Rare,RSW+STE,,"AP +45,SP -0.1,",Bastard Sword.png
Jewel Sword,보검,JSW,Two Handed Sword,Rare,SHA+RBY,,"AP +35,MH +200",Jewel Sword.png
Thuan Thien,뚜언 띠엔,TTH,Two Handed Sword,Rare,BSW+TTS,,"AP +77,DF +25,SP -0.1,",Thuan Thien.png
Plasma Sword,플라즈마 소드,PSW,Two Handed Sword,Rare,BSW+LAS,,"AP +75,VR +3,",Plasma Sword.png
Arondight,아론다이트,ARO,Two Handed Sword,Epic,MAS+CRS,,"AP +50,EN +25,AS +25%,",Arondight.png
Excalibur,엑스칼리버,EXC,Two Handed Sword,Epic,JSW+HGR,,"AP +60,MH +400,HR +200%,",Excalibur.png
Monohoshizao,모노호시자오,MON,Two Handed Sword,Epic,MUR+BPR,,"AP +70,LS +18%,",Monohoshizao.png
Hovud,호푸어드,HOV,Two Handed Sword,Epic,JSW+GPI,,"AP +45,MH +300,CC +20%,",Hovud.png
Laevateinn,레바테인,LAE,Two Handed Sword,Legendary,TFI+SHA,,"AP +75,HR +1.5,SR +1.5,EN +20,",Laevateinn.png
Dainsleif,다인슬라이프,DAI,Two Handed Sword,Legendary,VBS+KAT,,"AP +70,LS +20%,",Dainsleif.png
Twin Swords,쌍칼,TSW,Dual Swords,Uncommon,KKN+RSW,,"AP +14,AS +10%,",Twin Swords.png
Florentine,피렌체식 쌍검,FRT,Dual Swords,Rare,TSW+BPR,,"AP +23,AS +10%,LS +10%,",Florentine.png
Divine Dual Swords,이천일류,DSW,Dual Swords,Epic,FRT+NAI,,"AP +38,AS +10%,LS +18%,HS -40%,",Divine Dual Swords.png
Starsteel Twin Swords,자웅일대검,SSW,Dual Swords,Epic,TSW+MST,,"AP +55,AS +50%,",Starsteel Twin Swords.png
Dioscuri,디오스쿠로이,DIO,Dual Swords,Epic,TSW+ION,,"AP +38,AS +50%,",Dioscuri.png
Lloigor & Zahr,로이거차르,LZA,Dual Swords,Epic,TSW+POI,,"AP +30,AS +20%,SA +36,",Lloigor _ Zahr.png
Walther PPK,발터 PPK,WPP,Pistol,Common,,"PN 5,BC 4,FT 4","AP +8,SP +0.1",Walther PPK.png
Magnum-Python,매그넘-파이선,MPY,Pistol,Uncommon,WPP+OIL,,"AP +15,AS +10%,SP +0.1,",Magnum-Python.png
Beretta M92F,베레타 M92F,BRM,Pistol,Uncommon,WPP+LEA,,"AP +23,SP +0.1,",Beretta M92F.png
FN57,FN57,FN5,Pistol,Rare,BRM+LAS,,"AP +29,SP +0.1,VR +2.5,",FN57.png
Double Revolver SP,더블 리볼버 SP,DSP,Pistol,Rare,MPY+BRM,,"AP +40,AS +10%,SP +0.1,",Double Revolver SP.png
Magnum-Anaconda,매그넘-아나콘다,MAN,Pistol,Rare,MPY+BPR,,"AP +43,AS +10%,SP +0.1,LS +10%,",Magnum-Anaconda.png
Devil's Marksman,마탄의 사수,DMA,Pistol,Epic,DSP+ASH,,"AP +30,AS +10%,SP +0.1,SA +40,Max Ammo: 7,",Devil_s Marksman.png
Elegance,엘레강스,ELE,Pistol,Epic,FN57+FDU,,"AP +90,VR +5,SP +0.2,Max Ammo: 6,",Elegance.png
Electron Blaster,일렉트론 블라스터,EBL,Pistol,Epic,BRM+ION,,"AP +65,AS +50%,SP +0.1,EN +28,Max Ammo: 10,",Electron Blaster.png
Magnum-Boa,매그넘-보아,MAB,Pistol,Epic,MAN+STE,,"AP +85,AS +25%,SP +0.1,VR +3.5,LS +20%,Max Ammo: 6,",Magnum-Boa.png
Kelte,악켈테,KEL,Pistol,Legendary,FCO+BRM,,"AP +120,SP +0.2,Max Ammo: 10,",Kelte.png
Fedorova,페도로프 자동소총,FED,Assault Rifle,Common,,"HT 4,FT 4",AP +11,Fedorova (1).png
STG-44,STG-44,STG,Assault Rifle,Uncommon,FED+GUN,,"AP +18,VR +1.5,EN +2,",STG-44.png
AK-47,AK-47,AK4,Assault Rifle,Rare,STG+PWR,,"AP +29,VR +1.5,EN +2,",AK-47.png
M16A1,M16A1,M16,Assault Rifle,Rare,STG+LEA,,"AP +25,VR +1.5,EN +4,",M16A1.png
Machine Gun,기관총,MGU,Assault Rifle,Epic,STG+MOT,,"AP +20,AS +10%,VR +1.5,EN +11,",Machine Gun.png
Gatling Gun,개틀링건,GGU,Assault Rifle,Epic,MGU+OIL,,"AP +50,EN +14,AS +15%,VR +1.5,Max Ammo: 30,",Gatling Gun.png
AK-12,AK-12,AK1,Assault Rifle,Epic,AK4+GLP,,"AP +90,VR +1.5,CC +25%,EN +2,Max Ammo: 30,",AK-12.png
XCR,XCR,XCR,Assault Rifle,Epic,M16+MAG,,"AP +55,EN +10,MH +420,VR +1.5,Max Ammo: 30,",XCR.png
Long Rifle,화승총,LRI,Sniper Rifle,Common,,"DK 3,FR 4","AP +34,SP -0.1",Long Rifle.png
Springfield,스프링필드,SPR,Sniper Rifle,Uncommon,LRI+LAS,,"AP +50,SP -0.1,VR +1.5,",Springfield.png
Harpoon Gun,하푼건,HGU,Sniper Rifle,Rare,SPR+SSP,,"AP +64,SP -0.1,VR +2,",Harpoon Gun.png
Golden Rifle,금교전,GRI,Sniper Rifle,Rare,SPR+GLD,,"AP +73,SP -0.15,VR +2.5,SA +18%,",Golden Rifle.png
Railgun,레일건,RAI,Sniper Rifle,Rare,SPR+EPA,,"AP +78,AS +20%,SP -0.15,VR +2,",Railgun.png
Tac-50,Tac-50,TAC,Sniper Rifle,Epic,HGU+BPR,,"AP +140,LS +20%,SP -0.08,VR +2.5,Max Ammo: 2,",Tac-50.png
Intervention,인터벤션,INT,Sniper Rifle,Epic,HGU+TCA,,"AP +110,VR +4.5,AR +1,Max Ammo: 2,",Intervention.png
NTW-20,NTW-20,NTW,Sniper Rifle,Epic,GRI+ISH,,"AP +95,SA +27%,SP -0.15,VR +2.5,Max Ammo: 1,",NTW-20.png
Polaris,폴라리스,POL,Sniper Rifle,Epic,RAI+WPW,,"AP +135,AS +40%,SP -0.1,VR +2,Max Ammo: 3,",Polaris.png
The Deadly Ray,사사성광,TRA,Sniper Rifle,Legendary,MST+GRI,,"AP +95,SA +36%,SP -0.15,VR +2.5,Max Ammo: 1,",The Deadly Ray.png
Needle,바늘,NEE,Rapier,Common,,"AL 7,HT 6,HS 6","AP +3,CD +25%,",Needle.png
Rapier,레이피어,RAP,Rapier,Uncommon,NEE+IRO,,"AP +16,CD +25%,",Rapier.png
Apricot Sword,매화검,ASW,Rapier,Rare,RAP+FFA,,"AP +21,CC +10%,CD +25%,CR +10%,",Apricot Sword.png
Sword of Justice,활빈검,SJU,Rapier,Epic,RAP+CAU,,"AP +30,HR +1.5,SR +200%,CD +25%,CR +15%",Sword of Justice.png
Durendal Mk2,듀랜달 Mk2,DMK,Rapier,Epic,ASW+LAS,,"AP +45,CD +25%,CC +10%,VR +3,CR +10%,",Durendal Mk2.png
Volticletto,볼틱레토,VOL,Rapier,Epic,ASW+EPA,,"AP +47,AS +40%,CD +25%,CC +10%,CR +10%,",Volticletto.png
Meteor Claymore,유성검,MCL,Rapier,Epic,ASW+MET,,"AP +75,CD +50%,CR +10%,",Meteor Claymore.png
Joyeuse,주와이외즈,JOY,Rapier,Epic,RAP+MIT,,"AP +75,CD +30%,SP +0.2,",Joyeuse.png
Mistilteinn,미스틸테인,MTT,Rapier,Legendary,SJU+BRA,,"AP +30,HR +1.5,SR +200%,CD +25%,CR +15%,SA +20%,",Mistilteinn.png
Short Spear,단창,SSP,Spear,Common,,"PN 5,TP 4,FR 4",AP +15,Short Spear.png
Bamboo Spear,죽창,BSP,Spear,Uncommon,SSP+BAM,,"AP +37,",Bamboo Spear.png
Bident,바이던트,BID,Spear,Rare,BSP+KKN,,"AP +52,",Bident.png
Pike,파이크,PIK,Spear,Rare,SSP+STE,,"AP +67,SP -0.1,",Pike.png
Halberd Axe,도끼창,HAX,Spear,Rare,HCH+PIK,,"AP +90,SP -0.1,",Halberd Axe.png
Sharpened Spear,강창,SHS,Spear,Rare,BSP+FEA,,"AP +40,SP +0.1,",Sharpened Spear.png
Gentian Silver Gun,애각창,GSG,Spear,Epic,SHS+WPW,,"AP +105,SP +0.2,",Gentian Silver Gun.png
Eighteen Foot Spear,장팔사모,ESP,Spear,Epic,SHS+ION,,"AP +110,AS +40%,",Eighteen Foot Spear.png
Cosmic Bident,코스믹 바이던트,CBI,Spear,Epic,BID+MST,,"AP +150,",Cosmic Bident.png
Lance of Poseidon,트리아이나,LPO,Spear,Epic,BID+PIK,,"AP +120,SP -0.1,",Lance of Poseidon.png
Fangtian Huaji,방천화극,FHU,Spear,Epic,HAX+GFA,,"AP +88,SA +40,SP -0.1,HS -40%,",Fangtian Huaji.png
Dragon Guandao,청룡언월도,DGD,Spear,Epic,HAX+ISH,,"AP +130,SP -0.1,",Dragon Guandao.png
Blazing Lance,화첨창,BLA,Spear,Legendary,TFI+BSP,,"AP +130,HR +1.5,SR +1.5,EN +30,",Blazing Lance.png
Spear of Longinus,롱기누스의 창,SLO,Spear,Legendary,VBS+PIK,,"AP +150,LS +20%,",Spear of Longinus.png
Hammer,망치,HAM,Hammer,Common,,"PN 7,BC 6,AL 8",AP +16,Hammer.png
Warhammer,워해머,WAR,Hammer,Uncommon,HAM+SRO,,"AP +40,",Warhammer.png
Morning Star,모닝 스타,MNS,Hammer,Rare,WAR+IBA,,"AP +55,",Morning Star.png
Black Stag Hammer,사슴 망치,BHA,Hammer,Rare,WAR+LEA,,"AP +56,",Black Stag Hammer.png
Fang Mace,낭아봉,FMA,Hammer,Epic,MNS+HST,,"AP +55,SA +35,",Fang Mace.png
Hammer of Dagda,다그다의 망치,HDA,Hammer,Epic,BHA+SRE,,"AP +95,HR +250%,",Hammer of Dagda.png
Hammer of Thor,토르의 망치,HTH,Hammer,Epic,BHA+ION,,"AP +120,AS +40%,",Hammer of Thor.png
Evening Star,개밥바라기,EST,Hammer,Epic,MST+MNS,,"AP +145,",Evening Star.png
Magic Stick,마법봉,MGS,Hammer,Epic,WAR+MPE,,"AP +60,LS +30%,SA +27%,",Magic Stick.png
Branch,나뭇가지,BRA,Bat,Common,,채집,AP +5,Branch.png
Short Rod,단봉,SRO,Bat,Common,,"DK 5,PN 5,TP 5",AP +15,Short Rod.png
Long Rod,장봉,LRO,Bat,Uncommon,SRO+BAM,,AP +25,Long Rod.png
Goblin Bat,도깨비 방망이,GBA,Bat,Rare,LRO+NAI,,"AP +30,HN -40%,",Goblin Bat.png
Umbrella,우산,UMB,Bat,Rare,LRO+FAN,,"AP +30,SA +14,",Umbrella.png
Torch,횃불,TOR,Bat,Rare,FDU+OLC,,"AP +40,HR +0.8,AS +10%,SP +0.1",Torch.png
Statue of Soteria,구원의 여신상,SSO,Bat,Epic,TOR+DOL,,"AP +90,HR +1.5,SR +60%,AS +15%,SP +0.15,LS +10%,",Statue of Soteria.png
Mallet,타구봉,MAL,Bat,Epic,GBA+MOT,,"AP +80,AS +50%,HN -40%,",Mallet.png
Spy Umbrella,스파이의 우산,SUM,Bat,Epic,UMB+POI,,"AP +40,SA +25,",Spy Umbrella.png
Monkey King Bar,여의봉,MBA,Bat,Legendary,FCO+LRO,,"AP +140,",Monkey King Bar.png
Baseball,야구공,BAS,Throw,Common,,,AP +12,Signed Ball.png
Iron Ball,쇠구슬,IBA,Throw,Common,,"AR 5,FR 7,FT 7",AP +12,Iron Ball.png
Grenade,수류탄,GRE,Throw,Uncommon,IBA+GUN,,"AP +25,EN +20,",Grenade.png
Molotov Cocktail,화염병,MCO,Throw,Uncommon,GLB+OIL,,"AP +22,AS +15%,",Molotov Cocktail.png
Signed Ball,싸인볼,SBA,Throw,Uncommon,BAS+FPE,,"AP +30,",팬키트에없음
Sling,슬링,SLI,Throw,Rare,SBA+RUB,,"AP +42,",Sling.png
Flour Bomb,밀가루폭탄,FBO,Throw,Rare,WPW+MCO,,"AP +58,AS +15%,",Flour Bomb.png
Ball Lightning,볼 라이트닝,BLI,Throw,Rare,IBA+DBA,,"AP +24,AS +20%,",Ball Lightning.png
Flubber,플러버,FLU,Throw,Rare,RUB+HWA,,"AP +42,",Flubber.png
Spiky Bouncy Ball,가시 탱탱볼,SBB,Throw,Rare,FLU+NAI,,"AP +36,HS -40%,",Spiky Bouncy Ball.png
High Explosive Grenade,소이탄,HEG,Throw,Epic,MCO+BLI,,"AP +70,AS +50%,",High Explosive Grenade.png
Incendiary Bomb,고폭 수류탄,IBO,Throw,Epic,GRE+RDX,,"AP +56,EN +60",Incendiary Bomb.png
Grenade of Antioch,안티오크의 수류탄,GAN,Throw,Epic,IBO+CRS,,"AP +80,EN +80,",Grenade of Antioch.png
David's Sling,다비드슬링,DSL,Throw,Epic,SLI+SRE,,"AP +60,HR +150%,EN +30,",David_s Sling.png
Smoke Bomb,연막탄,SMB,Throw,Epic,FBO+COL,,"AP +90,AS +40%,",Smoke Bomb.png
Ruthenium Marble,루테늄 구슬,RMA,Throw,Epic,SBB+GLD,,"AP +80,SA +20%,HS -40%,",Ruthenium Marble.png
Razor,면도칼,RAZ,Shuriken,Common,,"HS 6,CP 6,SC 6","AP +11,",Razor.png
Playing Cards,트럼프 카드,PCA,Shuriken,Common,,"HT 6,AV 7","AP +4,CC +5%",Playing Cards.png
Chalk,분필,CHL,Shuriken,Common,,"FT 7,CP 6,SC 6","AP +12,",Chalk.png
Dart,다트,DAR,Shuriken,Uncommon,NEE+FEA,,"AP +16,SP +0.1,CD +20%,",Dart.png
Vintage Cards,빈티지 카드,VCA,Shuriken,Uncommon,PCA+FPE,,"AP +15,CC +10%,",Vintage Cards.png
Throwing Stars,표창,TST,Shuriken,Uncommon,RAZ+PWR,,"AP +27,",Throwing Stars.png
Onyx Dagger,흑건,ODA,Shuriken,Uncommon,RAZ+CRS,,"AP +17,EN +10,",Onyx Dagger.png
Charm,부적,CHM,Shuriken,Rare,VCA+BSC,,"AP +40,SA +10%,",Charm.png
Willow Leaf Spike,유엽비도,WSP,Shuriken,Rare,ODA+BRA,,"AP +17,EN +20,",Willow Leaf Spike.png
Chakram,챠크람,CHK,Shuriken,Rare,TST+STM,,"AP +38,",Chakram.png
Apricot Flower Tag,매화비표,ATA,Shuriken,Rare,WSP+FLO,,"AP +14,CR +10%,EN +30,",Apricot Flower Tag.png
Venom Dart,독침,VDA,Shuriken,Rare,NEE+POI,,"AP +55,CD +20%,SA +15,",Venom Dart.png
Dharma Chakram,법륜,DCH,Shuriken,Rare,CHK+BSC,,"AP +34,SA +15%,",Dharma Chakram.png
Plumbata,플럼바타,PLU,Shuriken,Rare,DAR+STE,,"AP +48,SP +0.1,CD +25%,",Plumbata.png
Cards of Tyranny,미치광이왕의 카드,CTY,Shuriken,Epic,VCA+ION,,"AP +45,AS +30%,CC +20%,",Cards of Tyranny.png
Mystic Jade Charm,옥전결,MCH,Shuriken,Epic,CHM+ASH,,"AP +60,SA +12,SA +12%,",Mystic Jade Charm.png
Fuhma Shuriken,풍마 수리검,FSH,Shuriken,Epic,ATA+ALC,,"AP +40,CR +15%,EN +36,",Fuhma Shuriken.png
Frost Venom Dart,빙백은침,FVD,Shuriken,Epic,VDA+ICE,,"AP +80,CD +50%,SA +20,",Frost Venom Dart.png
Azure Dagger,푸른색 단도,ADA,Shuriken,Epic,ODA+POI,,"AP +20,EN +33,SA +24,",Azure Dagger.png
Flechette,플레셋,FLE,Shuriken,Epic,PLU+WPW,,"AP +80,SP +0.2,CD +40%,",Flechette.png
Wind and Fire Wheels,건곤권,WWH,Shuriken,Epic,DCH+BAM,,"AP +55,SA +17%,",Wind and Fire Wheels.png
Death Rune,생사부,DRU,Shuriken,Epic,CHM+TOL,,"AP +80,SA +20%,",Death Rune.png
Sudarsana,수다르사나,SUD,Shuriken,Legendary,FCO+TST,,"AP +125,",Sudarsana.png
Petal Torrent,만천화우,PTR,Shuriken,Legendary,FVD+SBT,,"AP +80,CD +50%,EN +140,SA +25,",Petal Torrent.png
Bow,양궁,BOW,Bow,Common,,"AR 4,CP 4","AP +11,",Bow.png
Wooden Bow,목궁,WBO,Bow,Uncommon,BRA+PWR,,"AP +26,",Wooden Bow.png
Longbow,장궁,LON,Bow,Uncommon,BOW+RUB,,"AP +25,",Longbow.png
Composite Bow,컴포지트 보우,CBO,Bow,Uncommon,LON+NAI,,"AP +16,HN -40%,",Composite Bow.png
Strong Bow,강궁,STO,Bow,Rare,WBO+OIL,,"AP +26,AS +15%,",Strong Bow.png
Stallion Bow,국궁,SAO,Bow,Rare,MBO+STM,,"AP +20,EN +25,",Stallion Bow.png
Mighty Bow,벽력궁,MBO,Bow,Rare,LON+GUN,,"AP +20,EN +11,",Mighty Bow.png
Pellet Bow,탄궁,PBO,Bow,Rare,WBO+HST,,"AP +55,",Pellet Bow.png
Scorchbow,화전,SCO,Bow,Rare,LON+LIG,,"AP +24,SA +18,",Scorchbow.png
Ancient Bolt,편전,ABO,Bow,Epic,SAO+BAM,,"AP +55,EN +40,",Ancient Bolt.png
Golden-Ratio Bow,골든래쇼 보우,GBO,Bow,Epic,PBO+GLD,,"AP +64,SA +20%,",Golden-Ratio Bow.png
Twinbow,트윈보우,TWI,Bow,Epic,STO+CBO,,"AP +70,AS +50%,HN -40%,",Twinbow.png
Elemental Bow,엘리멘탈보우,EBO,Bow,Epic,SCO+WFA,,"AP +60,SP +0.1,SA +45,HS -40%,",Elemental Bow.png
Failnaught,페일노트,FAI,Bow,Legendary,VBS+STO,,"AP +80,AS +15%,LS +15%,",Failnaught.png
Short Crossbow,석궁,SCR,Crossbow,Common,,,AP +12,Short Crossbow.png
Long Crossbow,쇠뇌,LOC,Crossbow,Uncommon,SCR+PWR,,"AP +30,",Long Crossbow.png
Crossbow,크로스보우,CRB,Crossbow,Uncommon,SCR+BAM,,"AP +30,",Crossbow.png
Power Crossbow,노,PCR,Crossbow,Rare,LOC+RUB,,"AP +42,",Power Crossbow.png
Laser Crossbow,저격궁,LAC,Crossbow,Rare,CRB+LAS,,"AP +30,VR +2.5,",Laser Crossbow.png
Heavy Crossbow,헤비 크로스보우,HCR,Crossbow,Rare,LOC+STE,,"AP +72,SP -0.1,",Heavy Crossbow.png
Steel Bow,철궁,SBO,Crossbow,Rare,CRB+ISH,,"AP +60,",Steel Bow.png
The Legend of the General,대황,TGE,Crossbow,Epic,SBO+OLC,,"AP +75,HR +2,AS +50%,",The Legend of the General.png
Ballista,발리스타,BAL,Crossbow,Epic,HCR+SSP,,"AP +115,AS -10%,SP -0.1,",Ballista.png
Sniper Crossbow,저격 크로스보우,SNC,Crossbow,Epic,LAC+SSC,,"AP +85,VR +5,AR +1.2,",Sniper Crossbow.png
The Golden Ghost,영광금귀신기노,TGH,Crossbow,Epic,PCR+RDX,,"AP +70,EN +37,",The Golden Ghost.png
Sharanga,샤릉가,SHR,Crossbow,Legendary,FCO+CRB,,"AP +140,",Sharanga.png
Brass Knuckles,너클,BKN,Glove,Common,,"FR 5,CM 5",AP +10,Brass Knuckles.png
Cotton Glove,목장갑,CGL,Glove,Common,,"HT 4,HS 4",AP +7,Cotton Glove.png
Leather Glove,글러브,LGL,Glove,Uncommon,CGL+LEA,,"AP +18,",Leather Glove.png
Iron Knuckles,아이언 너클,IKN,Glove,Uncommon,BKN+IRO,,"AP +20,",Iron Knuckles.png
Gauntlet,건틀릿,GAU,Glove,Rare,CGL+STE,,"AP +32,SP -0.1,",Gauntlet.png
Wing Knuckles,윙 너클,WKN,Glove,Rare,IKN+FEA,,"AP +20,SP +0.1,",Wing Knuckles.png
Bone Gauntlet,귀골 장갑,BGU,Glove,Rare,GAU+TTS,,"AP +35,DF +13,SP -0.1,",Bone Gauntlet.png
Shatter Shell Gauntlet,벽력귀투,SGA,Glove,Rare,GAU+GUN,,"AP +32,SP -0.1,EN +15,",Shatter Shell Gauntlet.png
Glass Knuckles,유리 너클,GKN,Glove,Rare,IKN+GPI,,"AP +28,CC +10%,",Glass Knuckles.png
Phoenix Gloves,회단 장갑,PGL,Glove,Rare,LGL+ASH,,"AP +27,SA +30,",Phoenix Gloves.png
One Inch Punch,단영촌천투,OPU,Glove,Epic,BGU+DOL,,"AP +50,DF +25,SR(%) +50%,LS +10%,",One Inch Punch.png
Divine Fist,디바인 피스트,DFI,Glove,Epic,SGA+CRS,,"AP +35,EN +33,SP -0.1,",Divine Fist.png
Bloodwing Knuckles,블러드윙 너클,BWK,Glove,Epic,WKN+RBY,,"AP +53,MH +300,SP +0.1,",Bloodwing Knuckles.png
Frost Petal Hand,빙화현옥수,FHA,Glove,Epic,PGL+ICE,,"AP +27,CR +15%,SA +38,",Frost Petal Hand.png
Buddha's Palm,여래수투,BPA,Glove,Epic,PGL+BSA,,"AP +33,CR +10%,SA +18%,",Buddha_s Palm.png
Brasil Gauntlet,브레이질 건틀릿,BGA,Glove,Epic,BGU+OLC,,"AP +42,DF +13,HR +1,AS(%) +30%,SP -0.1,",Brasil Gauntlet.png
White Claw Punch,소수,WPU,Glove,Epic,GKN+WPW,,"AP +55,CC +25%,",White Claw Punch.png
Imperial Silk Glove,천잠장갑,IGL,Glove,Epic,MIS+LGL,,"AP +85,SP +0.2,",Imperial Silk Glove.png
Bamboo,대나무,BAM,Tonfa,Common,,"PN 7,TP 7,AR 6,CM 7,FR 7",AP +12,Bamboo.png
Tonfa,톤파,TNF,Tonfa,Uncommon,BAM+BRA,,"AP +23,DF +8,",Tonfa.png
Police Baton,경찰봉,PBA,Tonfa,Rare,TNF+STM,,"AP +35,DF +8,",Police Baton.png
Ryukyu Tonfa,류큐톤파,RTF,Tonfa,Rare,TNF+WPW,,"AP +38,DF +18,",Ryukyu Tonfa.png
Tactical Tonfa,택티컬 톤파,TTF,Tonfa,Epic,PBA+BPR,,"AP +60,DF +10,LS +20%,",Tactical Tonfa.png
Mai Sok,마이쏙,MSO,Tonfa,Epic,RTF+SRO,,"AP +45,DF +20,HR +100%,",Mai Sok.png
Plasma Tonfa,플라즈마 톤파,PTF,Tonfa,Epic,RTF+LAS,,"AP +65,DF +18,VR +2.5,",Plasma Tonfa.png
Starter Guitar,보급형 기타,SGU,Guitar,Common,,,AP +5,Starter Guitar.png
Golden Bridge,골든 브릿지,GBG,Guitar,Uncommon,SGU+GLD,,"AP +8,SA +14%,",Golden Bridge.png
Single Coil Pickup,싱글 픽업,SPI,Guitar,Uncommon,SGU+DBA,,"AP +8,AS +15%,EN +2,",Single Coil Pickup.png
Ruby Special,루비 스페셜,RSP,Guitar,Rare,SPI+RBY,,"AP +20,MH +300,AS +20%,EN +2,",Ruby Special.png
Humbucker Pickup,험버커 픽업,HPI,Guitar,Rare,GBG+SSC,,"AP +25,VR +3,SA +15%,",Humbucker Pickup.png
King-V,King-V,KIV,Guitar,Rare,GBG+SCI,,"AP +13,SA +16%,",King-V.png
Nocaster,노캐스터,NOC,Guitar,Rare,SPI+BPR,,"AP +15,AS +20%,LS +10%,EN +15,",Nocaster.png
Superstrat,슈퍼스트랫,SUP,Guitar,Rare,SPI+BAM,,"AP +19,AS +15%,EN +2,",Superstrat.png
Wild Horse,야생마,WHO,Guitar,Rare,SPI+OIL,,"AP +9,AS +25%,EN +6,",Wild Horse.png
Bohemian,보헤미안,BHM,Guitar,Epic,RSP+PCA,,"AP +50,MH +380,AS +20%,CC +20%,EN +2,",Bohemian.png
Stairway to Heaven,천국의 계단,STH,Guitar,Epic,HPI+HGR,,"AP +52,HR +200%,SA +20%,VR +4,",Stairway to Heaven.png
Purple Haze,퍼플 헤이즈,PHA,Guitar,Epic,KIV+ASH,,"AP +85,SA +22%,",Purple Haze.png
Satisfaction,새티스팩션,SAT,Guitar,Epic,NOC+STN,,"AP +30,AS +30%,LS +10%,EN +14,",Satisfaction.png
Wonderful Tonight,원더풀 투나잇,WTO,Guitar,Epic,SUP+MET,,"AP +100,AS +45%,EN +2,",Wonderful Tonight.png
The Wall,더 월,TWA,Guitar,Epic,SUP+WPW,,"AP +70,AS +18%,EN +2,",The Wall.png
Teen Spirit,틴 스피릿,TSP,Guitar,Epic,WHO+BSA,,"AP +10,AS +25%,EN +23,",Teen Spirit.png
Steel Chain,쇠사슬,STC,Nunchaku,Common,,"BC 6,AL 6,CM 7",AP +11,Steel Chain.png
Nunchaku,눈차크,NUN,Nunchaku,Uncommon,STC+SCM,,AP +27,Nunchaku.png
Sharper,샤퍼,SHP,Nunchaku,Rare,NUN+NAI,,"AP +19,HS -40%",Sharper.png
Bleeder,블리더,BLE,Nunchaku,Rare,NUN+RAZ,,AP +38,Bleeder.png
The Smiting Dragon,대소반룡곤,TDR,Nunchaku,Epic,SHP+ASH,,"AP +50,SA +14,HS -40%,",The Smiting Dragon.png
Vibro Nunchaku,초진동눈차크,VNU,Nunchaku,Epic,BLE+MOT,,"AP +65,AS +50%,",Vibro Nunchaku.png
Windbreaker,바람막이,WIN,Chest,Common,,"UT 6,HT 7,SC 7","MH +50,ND +3,",Windbreaker.png
Monk's Robe,승복,MRO,Chest,Common,,"TP 9,AR 5","DF +5,CR +5%,",Monk_s Robe.png
Deleted1,의사가운,DEL,Deleted,Common,,,,Deleted1.png
Wetsuit,전신 수영복,WET,Chest,Common,,"DK 7,BC 6, AL 7","DF +1,SD +5%,",Wetsuit.png
Fabric Armor,천 갑옷,FAR,Chest,Common,,"TP 8,AR 6,CM 7",DF +11,Fabric Armor.png
Leather Armor,가죽 갑옷,LAR,Chest,Uncommon,FAR+LEA,,"DF +22,",Leather Armor.png
Leather Jacket,가죽 자켓,LJA,Chest,Uncommon,WIN+LEA,,"DF +8,MH +70,ND +6,",Leather Jacket.png
Turtle Dobok,거북 도복,TDO,Chest,Uncommon,MRO+TTS,,"DF +10,CR +10%,",Turtle Dobok.png
Military Suit,군복,MSU,Chest,Uncommon,WIN+BRA,,"MH +50,ND +10,",Military Suit.png
Patched Robe,덧댄 로브,PRO,Chest,Uncommon,MRO+BAN,,"DF +5,HR +1,CR +7%,",Patched Robe.png
Dress,드레스,DRE,Chest,Uncommon,CLO+SCI,,"AP +8,DF +8,SR +100,",Dress.png
Bikini,비키니,BIK,Chest,Uncommon,WET+SCI,,"DF +4,SD +11%,",Bikini.png
Diving Suit,잠수복,DSU,Chest,Uncommon,WET+RUB,,"DF +9,SD +10%,",Diving Suit.png
Rider Jacket,라이더 자켓,RDJ,Chest,Rare,LJA+STC,,"DF +11,MH +70,ND +9,",Rider Jacket.png
Chain Armor,사슬 갑옷,CNA,Chest,Rare,LAR+STC,,"DF +30,",Chain Armor.png
Suit,정장,SUI,Chest,Rare,MSU+RIB,,"LS +5%,ND +12,",Suit.png
Qipao,치파오,QIP,Chest,Rare,DRE+RAZ,,"AP +10,DF +10,SR +150%,",Qipao.png
Sheet Metal Armor,판금 갑옷,SMA,Chest,Rare,FAR+STE,,"DF +38,MH +100,SP -0.1,",Sheet Metal Armor.png
Hanbok,한복,HAN,Chest,Rare,PRO+FLO,,"DF +5,HR +1,CR +15%,",Hanbok.png
Bulletproof Vest,방탄조끼,BVE,Chest,Rare,MSU+ISH,,"DF +10,MH +130,ND +10,",Bulletproof Vest.png
Sunset Armor,석양의 갑옷,SSA,Chest,Rare,LAR+LEA,,"DF +28,MH +450,",Sunset Armor.png
Covert Agent Uniform,어사의,CAU,Chest,Rare,HAN+STM,,"DF +23,HR +2.5,CR +15%,",Covert Agent Uniform.png
Optical Camouflage Suit,광학미채 슈트,OSU,Chest,Epic,DSU+GLP,,"AP +10,DF +20,CC +22%,SD +10%,",Optical Camouflage Suit.png
Rocker's Jacket,락커의 자켓,RKJ,Chest,Epic,RDJ+CCR,,"AP +30,DF +11,ND +15,SO +0.3,HS -40%,",Rocker_s Jacket.png
Mithril Armor,미스릴 갑옷,MAR,Chest,Epic,LAR+MIT,,"DF +65,AS +12%,SP +0.2,",Mithril Armor.png
Crusader Armor,성기사의 갑옷,CRA,Chest,Epic,SMA+SRE,,"DF +30,HR +200%,EN +20,SP -0.1,",Crusader Armor.png
Amazoness Armor,아마조네스 아머,AZA,Chest,Epic,SMA+BIK,,"DF +38,MH +100,SD +20%,",Amazoness Armor.png
Dragon Dobok,용의 도복,DDO,Chest,Epic,QIP+TDO,,"DF +10,AP +15,SR +150%,CR +10%,AR +1",Dragon Dobok.png
Commander's Armor,지휘관의 갑옷,CMA,Chest,Epic,CNA+GLD,,"DF +20,SA +16%,",Commander_s Armor.png
Butler's Suit,집사복,BLS,Chest,Epic,SUI+FDU,,"AP +30,ND +10,SP +0.1,LS +20%,",Butler_s Suit.png
Battle Suit,배틀 슈트,BTS,Chest,Epic,BVE+DSU,,"DF +25,MH +140,ND +12,SD +12%,",Battle Suit.png
EOD Suit,EOD 슈트,EOS,Chest,Epic,BVE+PRO,,"DF +15,MH +300,ND +10,HR +1,CR +10%,",EOD Suit.png
Blazing Dress,불꽃 드레스,BDR,Chest,Legendary,TFI+DRE,,"DF +25,SR +75%,SR +3,HR +2.5,EN +22",Blazing Dress.png
Kabana,카바나,KAB,Chest,Legendary,CMA+MET,,"DF +36,SA +18%,",Kabana.png
Queen of Hearts,퀸 오브 하트,QOH,Chest,Legendary,VBS+HAN,,"DF +45,HR +3,CR +25%,",Queen of Hearts.png
Hairband,머리띠,HAI,Head,Common,,"AV 7,TP 7,CM 7","DF +4,MS +130",Hairband.png
Hat,모자,HAT,Head,Common,,"PN 7,AR 5,SC 6","DF +4,CR +5%",Hat.png
Bike Helmet,자전거 헬멧,BKH,Head,Common,,"BC 6,CP 6,SC 6",MH +90,Bike Helmet.png
Mask,가면,MSK,Head,Uncommon,HAI+FEA,,"DF +10,MS +130,SP +0.08,",Mask.png
Circlet,머리테,CIR,Head,Uncommon,HAI+BRA,,"DF +14,MS +270,",Circlet.png
Beret,베레모,BER,Head,Uncommon,HAT+SCI,,"DF +5,MH +50,CR +13%",Beret.png
Chain Coif,사슬 코이프,CCO,Head,Uncommon,HAT+STC,,"DF +14,CR +10%,",Chain Coif.png
Safety Helmet,안전모,SHE,Head,Uncommon,BKH+STN,,"MH +210,",Safety Helmet.png
Ballistic Helmet,방탄모,BAH,Head,Rare,BER+BKH,,"DF +10,MH +90,CR +13%,",Close Helm.png
Fire Helmet,소방 헬멧,FHE,Head,Rare,SHE+WAT,,"MH +280,",Fire Helmet.png
Tiara,티아라,TIA,Head,Rare,CIR+STM,,"DF +14,MS+360,",Tiara.png
Crown,왕관,CRW,Head,Rare,CIR+GLD,,"DF +16,MS +360,SA +11%",Crown.png
Close Helm,투구,CHE,Head,Rare,MSK+CCO,,"DF +20,MS +130,SP +0.1,CR +10%,",Ballistic Helmet.png
Motorcycle Helmet,오토바이 헬멧,MOH,Head,Rare,FHE+BIN,,"AP +10,MH +300,VR +2.5,",Motorcycle Helmet.png
Mithril Helm,미스릴 투구,MIH,Head,Epic,MIT+CCO,,"DF +38,AS +12%,SP +0.2,CR +15%,",Mithril Helm.png
Crystal Tiara,수정 티아라,CTI,Head,Epic,TIA+GPI,,"DF +14,MS +700,CC +22%,",Crystal Tiara.png
Tactical OPS Helmet,전술-OPS 헬멧,THE,Head,Epic,BAH+EPA,,"DF +15,MH +120,AS +20%,CR +15%,",Tactical OPS Helmet.png
Helm of Banneret,기사단장의 투구,HBA,Head,Epic,CHE+RUB,,"DF +15,MS +200,CR +10%,SP +0.1,SD +11%",Helm of Banneret.png
Imperial Crown,제국왕관,ICR,Head,Epic,CRW+RBY,,"DF +18,MH +300,MS +500,SA +10%,",Imperial Crown.png
Imperial Burgonet,황실 부르고넷,IBU,Head,Epic,CHE+GLD,,"DF +10,MS +200,SP +0.1,CR +10%,SA +14%,",Imperial Burgonet.png
Chinese Opera Mask,변검,COM,Head,Epic,MSK+VBS,,"DF +16,MS +300,LS +22%,SP +0.1,SO +0.4,",Chinese Opera Mask.png
Laurel Wreath,월계관,LWR,Head,Legendary,TFI+CIR,,"DF +18,MS +580,HR +1.5,SR +2,EN +15,",Laurel Wreath.png
Watch,손목시계,WCH,Arm,Common,,"UT 6,HT 6,AV 7",AS +10%,Watch.png
Bandage,붕대,BAN,Arm,Common,,"DK 7,HS 6,FT 6,SC 6",HR +0.8,Bandage.png
Deleted2,토시,DEL,Deleted,Common,,,,Deleted2.png
Bracelet,팔찌,BLT,Arm,Common,,"PN 7,UT 6,AL 6","MS +220,",Bracelet.png
Leather Shield,가죽 방패,LSH,Arm,Uncommon,TTS+LEA,,"AP +10,DF +10,",Leather Shield.png
Squad Leader Armband,분대장 완장,SLA,Arm,Uncommon,BAN+NEE,,"HR +1.5,CD +15%,",Squad Leader Armband.png
Bracer,브레이서,BCR,Arm,Uncommon,BAN+LEA,,"DF +13,HR +1,",Bracer.png
Sheath,검집,SHH,Arm,Rare,LEA+ISH,,"AP +18,ND +2,",Sheath.png
Golden Bracelet,금팔찌,GBL,Arm,Rare,BLT+GLD,,"MS +220,SA +12%,",Golden Bracelet.png
Bazuband,바주반드,BAZ,Arm,Rare,BCR+ISH,,"DF +25,ND +8,",Bazuband.png
Crimson Bracelet,진홍 팔찌,CBL,Arm,Rare,BLT+RBY,,"MH +200,MS +250,",Crimson Bracelet.png
Steel Shield,강철 방패,SSH,Arm,Rare,LSH+STE,,"AP +23,DF +25,SP -0.1,",Steel Shield.png
Cube Watch,큐브 워치,CWC,Arm,Rare,WCH+MST,,"DF +27,AS +50%,",Cube Watch.png
Sword Stopper,소드 스토퍼,SST,Arm,Epic,BAZ+NAI,,"DF +26,ND +11,HN -40%,",Sword Stopper.png
Draupnir,드라우프니르,DRA,Arm,Epic,GBL+BCR,,"DF +10,MS +240,HR +1,SA +15%,",Draupnir.png
Mithril Shield,미스릴 방패,MSH,Arm,Epic,LSH+MIT,,"AP +30,DF +30,AS +12%,SP +0.1,",Mithril Shield.png
Vital Sign Sensor,바이탈 센서,VSE,Arm,Epic,WCH+CEL,,"DF +15,AS +30%,",Vital Sign Sensor.png
Creed of the Knight,기사의 신조,CKN,Arm,Epic,SSH+SLA,,"AP +30,DF +25,HR +1.5,CD +25%,SP -0.1,",Creed of the Knight.png
Sword of Shah Jahan,샤자한의 검집,SSJ,Arm,Epic,SHH+RBY,,"AP +28,MH +350,ND +2,",Sword of Shah Jahan.png
Bracelet of Skadi,스카디의 팔찌,BSK,Arm,Legendary,GIC+CBL,,"MH +200,MS +250,SR +2,HR +2,SA +20,",Bracelet of Skadi.png
Radar,레이더,RAD,Arm,Legendary,VSE+GLP,,"DF +15,CC +20%,AS +35%,",Radar.png
Auto-arms,오토-암즈,AAR,Arm,Legendary,BCR+FCO,,"AP +40,DF +40,HR +1.5,",Auto-arms.png
Slippers,슬리퍼,SLP,Leg,Common,,"AV 7,HS 6,SC 7","SR +0.5,SP +0.04",Slippers.png
Running Shoes,운동화,RUS,Leg,Common,,"UT 6,AL 7,AR 5",SP +0.08,Running Shoes.png
Tights,타이즈,TIG,Leg,Common,,"AV 7,HS 6,FR 7","DF +5,SP +0.04,",Tights.png
Knee Pads,무릎 보호대,KPA,Leg,Uncommon,TIG+LEA,,"DF +8,SP +0.16,",Knee Pads.png
Chain Leggings,체인 레깅스,CLE,Leg,Uncommon,TIG+STC,,"DF +10,SP +0.14,",Chain Leggings.png
High Heels,하이힐,HHE,Leg,Uncommon,SLP+SCM,,"SR +0.8,SP +0.17,",High Heels.png
Heelys,힐리스,HEE,Leg,Uncommon,RUS+IBA,,"SP +0.12,SO +0.2,",Heelys.png
Repaired Slippers,덧댄 슬리퍼,RSL,Leg,Uncommon,SLP+CLO,,"SR +0.5,SR +30%,SP +0.16,",Repaired Slippers.png
Boots,부츠,BOO,Leg,Rare,RUS+OLC,,"HR +0.6,AS +2%,SP +0.22,",Boots.png
Steel Knee Pads,강철 무릎 보호대,SNP,Leg,Rare,KPA+STE,,"DF +20,SP +0.24,",Steel Knee Pads.png
Maverick Runner,매버릭 러너,MRU,Leg,Rare,HEE+EPA,,"SP +0.25,SO +0.5,AS +15%,",Maverick Runner.png
Combat Boots,전투화,CBB,Leg,Rare,BOO+LEA,,"HR +0.6,AS +7%,SP +0.27,",Combat Boots.png
Killer Heels,킬힐,KHE,Leg,Rare,HHE+GPI,,"AP +5,SR +0.8,SP +0.16,CC +10%,",Killer Heels.png
Straitjacket Sneakers,풍화륜,SSN,Leg,Rare,RSL+ASH,,"SR +0.7,SR +50%,SP +0.35,SA +10,",Straitjacket Sneakers.png
Feather Boots,경량화 부츠,FTB,Leg,Epic,CBB+FEA,,"HR +1,AS +30%,SP +0.4,",Feather Boots.png
Mithril Boots,미스릴 부츠,MIB,Leg,Epic,MIT+CLE,,"DF +22,AS +12%,SP +0.45,",Mithril Boots.png
Bucephalus,부케팔로스,BUC,Leg,Epic,KHE+CLE,,"AP +5,DF +5,CC +17%,SP +0.3,SR +1,",Bucephalus.png
White Rhinos,클링온 부츠,WRH,Leg,Epic,CBB+NAI,,"AS +15%,SP +0.35,HR +0.7,HN -40%,",White Rhinos.png
EOD Boots,EOD 부츠,EOB,Leg,Legendary,BOO+SNP,,"DF +23,SP +0.33,HR +1,",EOD Boots.png
Glacial Shoes,글레이셜 슈즈,GSH,Leg,Legendary,RSL+GIC,,"HR +2,SR +2,SR +60%,SP +0.15,SO +0.5,SA +15,",Glacial Shoes.png
Boots of Hermes,헤르메스의 부츠,BOH,Leg,Legendary,FCO+HEE,,"DF +40,SP +0.4,SO +0.2,",Boots of Hermes.png
Red Shoes,분홍신,RES,Leg,Legendary,KHE+VBS,,"AP +5,SR +1,CC +10%,SP +0.35,LS +15%,",Red Shoes.png
Feather,깃털,FEA,Accessory,Common,,"HS 6,CM 7,FR 7",SP +0.08,Feather.png
Flower,꽃,FLO,Accessory,Common,,"PN 7,UT 7,CM 7,FR 7",CR +9%,Flower.png
Ribbon,리본,RIB,Accessory,Common,,"PN 6,UT 7,SC 7","LS +5%,",Ribbon.png
Fan,부채,FAN,Accessory,Common,,"AV 7,FR 8,CP 6",SA +11,Fan.png
Buddhist Scripture,불경,BSC,Accessory,Common,,TP 8,"SA +7%,",Buddhist Scripture.png
Box,상자,BOX,Accessory,Common,,"DK 7,PN 7,CP 6",MH +90,Box.png
Holy Grail,성배,HGR,Accessory,Common,,CP 9,HR +120%,Holy Grail.png
Cross,십자가,CRS,Accessory,Common,,"AL 7,CP 9",EN +7,Cross.png
Binoculars,쌍안경,BIN,Accessory,Common,,"BC 6,AL 7,HT 6,FT 7","AP +2,VR +1.5",Binoculars.png
Saint's Relic,성자의 유산,SRE,Accessory,Uncommon,CRS+HGR,,"HR +150%,EN +8,",Saint_s Relic.png
Flower of Fate,운명의 꽃,FFA,Accessory,Uncommon,FLO+PCA,,"CC +13%,CR +10%,",Flower of Fate.png
Glass Pieces,유리 조각,GPI,Accessory,Uncommon,GLB+STN,,"CC +13%,",Glass Pieces.png
Doll,인형,DOL,Accessory,Uncommon,RIB+CLO,,"SR +100%,LS +11%,",Doll.png
Sniping Scope,저격 스코프,SSC,Accessory,Uncommon,LAS+BIN,,"AP +6,VR +4,",Sniping Scope.png
Buddha Sarira,진신사리,BSA,Accessory,Uncommon,BSC+MRO,,"CR +10%,SA +7%,",Buddha Sarira.png
Quiver,화살통,QUI,Accessory,Uncommon,LEA+BAM,,"AS +22%,",Quiver.png
Feather Duster,먼지털이개,FDU,Accessory,Uncommon,SRO+FEA,,"AP +9,SP +0.1,",Feather Duster.png
Gilded Quill Fan,군선,GFA,Accessory,Uncommon,FAN+NAI,,"SA +16,HS -40%,",Gilded Quill Fan.png
White Crane Fan,백우선,WFA,Accessory,Rare,GFA+FEA,,"SP +0.1,SA +18,HS -40%,",White Crane Fan.png
Powder of Life,생명의 가루,PLI,Accessory,Rare,TOL+STN,,"HR +1.5,SR +1.5",Powder of Life.png
Uchiwa,우치와,UCH,Accessory,Rare,DOL+FAN,,"SR +100%,LS +15%,SA +21,",Uchiwa.png
Magazine,탄창,MAG,Accessory,Rare,BOX+ISH,,"MH +350,ND +6,",Magazine.png
Laced Quiver,궁기병의 화살통,LQU,Accessory,Rare,QUI+FDU,,"AP +10,AS +25%,SP +0.1",Laced Quiver.png
Moonlight Pendant,달빛 펜던트,MPE,Accessory,Rare,RIB+MST,,"AP +20,LS +20%,",Moonlight Pendant.png
Schrodinger's Box,슈뢰딩거의 상자,SCH,Accessory,Rare,BOX+POI,,"MH +420,SA +7,",Schrodinger_s Box.png
Veritas Lux Mea,진리는 나의 빛,VME,Accessory,Rare,BSA+SRE,,"HR +150%,CR +10%,EN +12,SA +8%,",Veritas Lux Mea.png
Glacial Ice,만년빙,GIC,Accessory,Epic,PLI+ICE,,"HR +1.5,SR +1.5,SA +18,",Glacial Ice.png
True Samadhi Fire,삼매진화,TFI,Accessory,Epic,PLI+LIG,,"HR +1.5,SR +1.5,EN +13,",True Samadhi Fire.png
Emerald Tablet,에메랄드 타블렛,ETA,Accessory,Legendary,FCO+FFA,,"AP +10,DF +10,CC +15%,CR +10%,",Emerald Tablet.png
Stone,돌멩이,STN,Material,Common,,채집,,Stone.png
Glass Bottle,유리병,GLB,Material,Common,,"DK 7,AV 7,CP 6",,Glass Bottle.png
Nail,못,NAI,Material,Common,,"AV 7,AR 6,FT 7",,Nail.png
Leather,가죽,LEA,Material,Common,,사냥,,Leather.png
Turtle Shell,거북이 등딱지,TTS,Material,Common,,"DK 7,PN 7,BC 6",,Turtle Shell.png
Rubber,고무,RUB,Material,Common,,"DK 8,AL 7,AR 5",,Rubber.png
Scrap Metal,고철,SCM,Material,Common,,"DK 8,HT 8,HS 6,FT 9",,Scrap Metal.png
Lighter,라이터,LIG,Material,Common,,"DK 8,AL 8,FT 8,SC 7",,Lighter.png
Laser Pointer,레이저 포인터,LAS,Material,Common,,"UT 6,HS 6,SC 6",,Laser Pointer.png
Stallion Medal,마패,STM,Material,Common,,"BC 6,AL 7,TP 7",,Stallion Medal.png
Battery,배터리,BAT,Material,Common,,"DK 7,AV 7,FT 9",,Battery.png
Alcohol,알코올,ALC,Material,Common,,"HS 4,FT 6,SC 5",,Alcohol.png
Oil,오일,OIL,Material,Common,,"UT 7,AV 7,AR 5,FT 7",,Oil.png
Cloth,옷감,CLO,Material,Common,,"HT 7,AV 7,TP 7",,Cloth.png
Gemstone,원석,GEM,Material,Common,,"PN 8,BC 7,TP 8,FR 8",,Gemstone.png
Glue,접착제,GLU,Material,Common,,"AL 7,HS 6,FT 7",,Glue.png
Paper,종이,PAP,Material,Common,,"TP 7,AR 5,CP 6",,Paper.png
Iron Ore,철광석,IRO,Material,Common,,"HT 7,CM 7,FR 7",,Iron Ore.png
Can,캔,CAN,Material,Common,,"BC 4,AV 6,SC 5",,Can.png
Gunpowder,화약,GUN,Material,Common,,"TP 7,AR 6,CM 7",,Gunpowder.png
Deleted2,고장난 노트북,DEL,Deleted,Common,,,,Deleted2.png
Steel,강철,STE,Material,Uncommon,SCM+IRO+2,,,Steel.png
Oilcloth,기름먹인 천,OLC,Material,Uncommon,OIL+BAN+2,,,Oilcloth.png
Heated Oil,뜨거운 오일,HOL,Material,Uncommon,OIL+LIG+3,,,Heated Oil.png
Ruby,루비,RBY,Material,Uncommon,GEM+HAM,,,Ruby.png
Dead Battery,방전 전지,DBT,Material,Uncommon,BAT+WAT+2,,,Dead Battery.png
White Powder,백색 가루,WPW,Material,Uncommon,CHL+STN,,,White Powder.png
Heated Stone,달궈진 돌멩이,HST,Material,Uncommon,STN+LIG+3,,,Heated Stone.png
Meteorite,운석,MET,Material,Uncommon,,사냥,,Meteorite.png
Ash,재,ASH,Material,Uncommon,PAP+LIG,,,Ash.png
Electronic Parts,전자 부품,EPA,Material,Uncommon,PWR+BAT,,,Electronic Parts.png
Blueprint,정교한 도면,BPR,Material,Uncommon,FPE+PAP,,,Blueprint.png
Iron Sheet,철판,ISH,Material,Uncommon,SCM+PAP+2,,,Iron Sheet.png
Gold,황금,GLD,Material,Uncommon,GEM+PIC,,,Gold.png
Tree of Life,생명의 나무,TOL,Material,Rare,,채집,,Tree of Life.png
Moon Stone,문스톤,MST,Material,Rare,MET+STN,,,Moon Stone.png
Poison,독약,POI,Material,Rare,ASH+WAT,,,Poison.png
Motorcycle Helmet,모터,MOT,Material,Rare,EPA+SCM,,,Motorcycle Helmet.png
Mithril,미스릴,MIT,Material,Rare,,사냥,,Mithril.png
Glass Panel,유리판,GLP,Material,Rare,GPI+GLU,,,Glass Panel.png
Ion Battery,이온 전지,ION,Material,Rare,DBT+CWA+2,,,Ion Battery.png
VF Blood Sample,VF 혈액 샘플,VBS,Material,Rare,,사냥,,VF Blood Sample.png
Deleted3,방전된 노트북,DEL,Deleted,Rare,,,,Deleted3.png
Cell Phone,휴대폰,CEL,Material,Rare,BPR+EPA,,,Cell Phone.png
Force Core,포스 코어,FCO,Material,Epic,PLI+MET,사냥,,Force Core.png
Potato,감자,POT,Food,Common,,채집,HR +130,Potato.png
Cod,대구,COD,Food,Common,,채집,HR +130,Cod.png
Lemon,레몬,LEM,Food,Common,,"UT 5,HT 6,HS 4",HR +150,Lemon.png
Garlic,마늘,GAR,Food,Common,,"AL 6,TP 6,CM 5",HR +100,Garlic.png
Adhesive Bandage,반창고,ADB,Food,Common,,HS 4,HR +200,Adhesive Bandage.png
Carp,붕어,CRP,Food,Common,,채집,HR +130,Carp.png
Bread,빵,BRD,Food,Common,,"DK 4,CP 4,SC 6",HR +200,Bread.png
Meat,고기,MEA,Food,Common,,채집,HR +200,Meat.png
Egg,달걀,EGG,Food,Common,,"AR 5,CM 5,FR 6",HR +200,Egg.png
Ramen,생라면,RAM,Food,Common,,"DK 6,AL 6,AR 5",HR +200,Ramen.png
Oriental Herb,약초,HER,Food,Common,,"PN 7,TP 6,FR 6",HR +200,Oriental Herb.png
Chocolate,초콜렛,CHO,Food,Common,,"UT 5,AV 6,AR 4",HR +200,Chocolate.png
Curry Powder,카레 가루,CPW,Food,Common,,"UT 5,FT 5",HR +200,Curry Powder.png
Honey Cod Steak,꿀 바른 대구살,HCS,Food,Uncommon,COD+HNY,,HR +700,Honey Cod Steak.png
Canned Cod Liver,대구 간 통조림,CCL,Food,Uncommon,COD+CAN,,HR +650,Canned Cod Liver.png
Garlic Bread,마늘빵,GBR,Food,Uncommon,BRD+GAR+2,,HR +200,Garlic Bread.png
Butter,버터,BUT,Food,Uncommon,MLK+BRA,,HR +450,Butter.png
Herb Medicine,보약,HMD,Food,Uncommon,HER+TTS,,HR +650,Herb Medicine.png
Carp Bread,붕어빵,CBR,Food,Uncommon,BRD+CRP+2,,HR +400,Carp Bread.png
Holy Water,성수,OWA,Food,Uncommon,,,HR +600,Holy Water.png
Disinfectant,지혈제,DIF,Food,Uncommon,ALC+ADB,,HR +600,Disinfectant.png
Choco Pie,초코파이,CHP,Food,Uncommon,BRD+CHO,,HR +600,Choco Pie.png
Acupuncture Needle,한방침,ACN,Food,Uncommon,NEE+ALC,,HR +800,Acupuncture Needle.png
Orchid,난초,ORC,Food,Uncommon,HER+FLO+2,,HR +500,Orchid.png
Tandoori Chicken,탄두리,TCH,Food,Uncommon,CPW+MEA,,HR +600,Tandoori Chicken.png
Bacon and Garlic Stick,마늘 베이컨 말이,BGS,Food,Uncommon,GAR+MEA,,HR +650,Bacon and Garlic Sticks.png
Bun,번,BUN,Food,Uncommon,BRD+COF,,HR +600,Bun.png
Hamburger,햄버거,HBG,Food,Uncommon,BRE+MEA,,HR +600,Hamburger.png
Potato Bread,감자빵,PBR,Food,Uncommon,BRE+POT+2,,HR +360,Potato Bread.png
Potato Soup,감자스프,PSP,Food,Uncommon,POT+MLK,,HR +600,Potato Soup.png
Fish Fillet with Egg,달걀 생선 필레,FFE,Food,Uncommon,COD+EGG,,HR +700,Fish Fillet with Egg.png
Citrus Cake,시트러스 케이크,CCK,Food,Uncommon,BRE+LEM+2,,HR +360,Citrus Cake.png
Lemon Ice Cream,레몬 아이스크림,LIC,Food,Uncommon,LEM+EGG+3,,HR +500,Lemon Ice Cream.png
Honey Garlic Pickle,마늘 꿀절임,HGP,Food,Uncommon,GAR+HNY+3,,HR +480,Honey Garlic Pickle.png
Egg Bun,계란빵,EBN,Food,Uncommon,BRD+EGG+2,,HR +400,Egg Bun.png
Easter Egg,이스터 에그,EEG,Food,Uncommon,BRD+CHO,,HR +600,Easter Egg.png
Whiskey Bonbon,위스키 봉봉,WHB,Food,Uncommon,WHS+CHO+3,,HR +400,Whiskey Bonbon.png
Choco Ice Cream,초코 아이스크림,CIC,Food,Uncommon,ICE+CHO+2,,HR +550,Choco Ice Cream.png
Curry Bun,카레빵,CBN,Food,Uncommon,CPW+BRD+2,,HR +360,Curry Bun.png
French Fries,감자튀김,FFR,Food,Rare,POT+HOL,,HR +600,French Fries.png
Baked Potato,구운 감자,BPT,Food,Rare,POT+HST+2,,HR +600,Baked Potato.png
Baked Carp,구운 붕어,BCP,Food,Rare,CRP+HST+2,,HR +600,Baked Carp.png
Grilled Chilean Sea Bass,메로구이,GCB,Food,Rare,COD+HST+3,,HR +480,Grilled Chilean Sea Bass.png
Hot Ramen,뜨거운 라면,HRA,Food,Rare,RAM+BWA+2,,HR +550,Hot Ramen.png
Mocha Bread,모카빵,MBR,Food,Rare,BRD+CFL+2,,HR +700,Mocha Bread.png
Scrambled Eggs,스크램블 에그,SCE,Food,Rare,EGG+HOL+2,,HR +550,Scrambled Eggs.png
Chocolate Chip Cookies,초코칩 쿠키,CCC,Food,Rare,CHO+BUT+2,,HR +733,Chocolate Chip Cookies.png
Choco Pie Box,초코파이 상자,CPB,Food,Rare,CHP+BOX+2,,HR +733,Choco Pie Box.png
Curry,카레,CRY,Food,Rare,CPW+BWA+3,,HR +480,Curry.png
Oriental Concoction,탕약,ORI,Food,Rare,HER+BWA+2,,HR +600,Oriental Concoction.png
Honey Butter,허니버터,HBT,Food,Rare,BUT+HNY+2,,HR +650,Honey Butter.png
Fried Chicken,후라이드 치킨,FCH,Food,Rare,MEA+HOL+2,,HR +510,Fried Chicken.png
Healing Potion,힐링 포션,HPO,Food,Rare,ORC+GLB+2,,HR +700,Healing Potion.png
Boiled Egg,삶은 달걀,BEG,Food,Rare,EGG+BWA+2,,HR +600,Boiled Egg.png
Pound Cake,파운드 케이크,PCK,Food,Rare,BUT+BRD+2,,HR +600,Pound Cake.png
Curry Croquette,카레 고로케,CCQ,Food,Rare,CPW+HOL+2,,HR +550,Curry Croquette.png
Steak,스테이크,STK,Food,Rare,MEA+HST+4,,HR +420,Steak.png
First Aid Kit,구급상자,FAK,Food,Rare,DIF+BAN,,HR +950,First Aid Kit.png
Butter-Fried Potatoes,버터 감자구이,BFP,Food,Rare,POT+BUT+2,,HR +650,Butter-Fried Potatoes.png
Fish Cutlet,생선까스,FCT,Food,Rare,COD+HOL,,HR +700,Fish Cutlet.png
Stir Fried Ramen,볶음라면,STR,Food,Rare,RAM+HOL+2,,HR +550,Stir Fried Ramen.png
Cold Noodles,냉면,CND,Food,Rare,RAM+IWA+2,,HR +650,Cold Noodles.png
Garlic Ramen,마늘라면,GRA,Food,Rare,HRA+GAR+2,,HR +700,Garlic Ramen.png
Spicy Fish Stew,매운탕,SFS,Food,Rare,CRP+HWA+2,,HR +550,Spicy Fish Stew.png
Zen Vitality,대환단,ZVI,Food,Rare,ACN+HMD+2,,HR +850,Zen Vitality.png
Fish and Chips,피쉬 앤 칩스,FAC,Food,Epic,FCT+FFR+2,,HR +900,Fish and Chips.png
Honey,꿀,HNY,Bevarage,Common,,"AL 5,AV 6,FR 6",SR +250,Honey.png
Water,물,WAT,Bevarage,Common,,채집,SR +100,Water.png
Ice,얼음,ICE,Bevarage,Common,,"HT 7,HS 6,CM 5",SR +200,Ice.png
Whiskey Bonbon,위스키,WHS,Bevarage,Common,,"UT 5,HT 5,CP 4",SR +450,Whiskey Bonbon.png
Coffee,커피콩,COF,Bevarage,Common,,"DK 6,UT 5,CM 5",SR +380,Coffee.png
Carbonated Water,탄산수,CWA,Bevarage,Common,,"BC 5,UT 5,HT 5",SR +380,Carbonated Water.png
Milk,우유,MLK,Bevarage,Common,,"AV 6,HS 5,CP 3",SR +200,Milk.png
Boiling Water,뜨거운 물,BWA,Bevarage,Uncommon,WAT+LIG+3,,SR +200,Boiling Water.png
Lemonade,레몬에이드,LMD,Bevarage,Uncommon,CWA+LEM+4,,SR +300,Lemonade.png
Water Bottle,물병,WAB,Bevarage,Uncommon,WAT+GLB+2,,SR +350,Water Bottle.png
Baijiu,백주,BAJ,Bevarage,Uncommon,ALC+LIG,,SR +1000,Baijiu.png
Soju,소주,SOJ,Bevarage,Uncommon,ALC+WAT+2,,SR +350,Soju.png
Ice Coffee,아이스 커피,ICF,Bevarage,Uncommon,ICE+COF+2,,SR +530,Ice Coffee.png
Cocktail,칵테일,CTL,Bevarage,Uncommon,WHS+LEM+4,,SR +300,Cocktail.png
Coffee Liqueur,커피 리큐르,CFL,Bevarage,Uncommon,COF+ALC+2,,SR +530,Coffee Liqueur.png
Cola,콜라,COL,Bevarage,Uncommon,CWA+HNY+3,,SR +400,Coke.png
Latte,카페라테,CLA,Bevarage,Uncommon,MLK+COF+2,,SR +530,Latte.png
Honey Milk,꿀탄 우유,HMI,Bevarage,Uncommon,MLK+HNY+2,,SR +530,Honey Milk.png
Highball,하이볼,HBL,Bevarage,Uncommon,WHS+CWA+2,,SR +530,Highball.png
Chocolate Milk,초코 우유,CMI,Bevarage,Uncommon,CHO+MLK+3,,SR +400,Chocolate Milk.png
Honey Water,꿀물,HWA,Bevarage,Uncommon,HNY+WAT+2,,SR +400,Honey Water.png
Ice Water,얼음물,IWA,Bevarage,Uncommon,ICE+WAT+2,,SR +350,Ice Water.png
On The Rocks,온더락,OTR,Bevarage,Uncommon,ICE+WHS+2,,SR +530,On The Rocks.png
Cowboy,카우보이,CBY,Bevarage,Uncommon,MLK+WHS+2,,SR +530,Cowboy.png
Kaoliang Liquor,고량주,KLQ,Bevarage,Rare,BAJ+LIG+3,,SR +1080,Kaoliang Liquor.png
Hot Honey Water,뜨거운 꿀물,HHW,Bevarage,Rare,BWA+HNY+2,,SR +1080,Hot Honey Water.png
Flower Liquor,백일취,FLQ,Bevarage,Rare,BAJ+FLO+5,,SR +500,Flower Liquor.png
Americano,아메리카노,AMC,Bevarage,Rare,BWA+COF+2,,SR +1080,Americano.png
Herbal Liquor,약주,HLQ,Bevarage,Rare,BAJ+HER+5,,SR +500,Herbal Liquor.png
Whiskey Cocktail,위스키 콕,WCT,Bevarage,Rare,COL+WHS+5,,SR +500,Whiskey Cocktail.png
Purified Water,정화수,PWA,Bevarage,Rare,BWA+ICE+2,,SR +1080,Purified Water.png
Can of Cola,캔 콜라,COC,Bevarage,Rare,COL+CAN+2,,SR +1400,Canned Coke.png
Hot Chocolate,핫초코,HOC,Bevarage,Rare,BWA+CHO+4,,SR +450,Hot Chocolate.png
White Russian,깔루아 밀크,WRS,Bevarage,Rare,CFL+MLK+4,,SR +660,Kahlua Milk.png
Surveillance Camera,감시 카메라,CAM,Summon,Common,,"DK 6,BC 5,UT 6,AV 6,HS 6,AR 5,CM 6,SC 6",,Surveillance Camera.png
Snare,올가미,SNR,Summon,Common,,"DK 6,PN 6,BC 5,AR 5,FR 5,CP 5",AP +10,Snare.png
Mouse Trap,쥐덫,MTR,Summon,Common,,"PN 7,BC 5,CM 6",AP +50,Mouse Trap.png
Piano Wire,피아노선,PWR,Summon,Common,,"BC 6,UT 7,HT 7,CP 6",AP +130,Piano Wire.png
Spiked Plank,가시 발판,SPL,Summon,Uncommon,MTR+NAI+2,,AP +120,Spiked Plank.png
Enhanced Mouse Trap,개량형 쥐덫,EMT,Summon,Uncommon,MTR+IRO+2,,AP +160,Enhanced Mouse Trap.png
Dynamite,다이너마이트,DYN,Summon,Uncommon,PWR+GUN,,AP +220,Dynamite.png
Bamboo Trap,대나무 트랩,BBT,Summon,Uncommon,SNR+BAM+2,,AP +30,Bamboo Trap.png
Booby Trap,부비트랩,BYT,Summon,Uncommon,SNR+GLU+2,,AP +30,Booby Trap.png
Clang Clatter,소란 발생기,CCR,Summon,Uncommon,CAN+IBA+5,,AP +40,Clang Clatter.png
Telephoto Camera,망원 카메라,TCA,Summon,Uncommon,CAM+BIN+3,,,Telephoto Camera.png
Jungle Guillotine,정글 기요틴,JGU,Summon,Uncommon,MTR+KKN,,AP +100,Jungle Guillotine.png
Explosive Trap,폭발 트랩,EPT,Summon,Uncommon,MTR+GUN,,AP +180,Explosive Trap.png
Mine,지뢰,MIN,Summon,Rare,BYT+GUN+2,,AP +80,Mine.png
Pendulum Axe,펜듈럼 도끼,PAX,Summon,Rare,BBT+HCH+2,,AP +100,Pendulum Axe.png
RDX,RDX,RDX,Summon,Rare,DYN+SCM,,AP +250,RDX.png
Mithril String,미스릴 실,MIS,Summon,Rare,MIT+PWR+3,,AP +300,Mithril String.png
Fire Trap,화염 트랩,FIT,Summon,Rare,EPT+OLC+3,,AP +280,Fire Trap.png
Hidden Maiden,히든 메이든,HMA,Summon,Rare,SPL+JGU+2,,AP +300,Hidden Maiden.png
C-4,C-4,C-4,Summon,Epic,RDX+WPW+3,,AP +340,C-4.png
Double Guillotine,더블 기요틴,DGU,Summon,Epic,JGU+PAX+2,,AP +340,Double Guillotine.png
Claymore,크레모어,CLM,Summon,Epic,MIN+EPT+2,,AP +260,Claymore.png
Stingburst,폭뢰침,SBT,Summon,Epic,RDX+SPL,,AP +350,Stingburst.png
Remote Mine,리모트 마인,RMN,Summon,Legendary,FCO+SPL+3,,AP +450,Remote Mine.png
Smart Bomb,스마트 폭탄,STB,Summon,Legendary,RDX+CEL+3,,AP +370,Smart Bomb.png